Header header header,,,,,,,,,,,,,,,,,,,,,,,,,,,,,,,,,,,,,,,,,,,,,,,,,,,,,,,,,,,,,,,,,,,,,,,,,,,,,,,,,,,,,,,,,,,,,,,,,,,,,,,,,,,,,,,,,,,,,,,,,,,,,,,,,,,,,,,,,,,,,,,,
id,member_id,loan_amnt,funded_amnt,funded_amnt_inv,term,int_rate,installment,grade,sub_grade,emp_title,emp_length,home_ownership,annual_inc,verification_status,issue_d,loan_status,pymnt_plan,url,desc,purpose,title,zip_code,addr_state,dti,delinq_2yrs,earliest_cr_line,inq_last_6mths,mths_since_last_delinq,mths_since_last_record,open_acc,pub_rec,revol_bal,revol_util,total_acc,initial_list_status,out_prncp,out_prncp_inv,total_pymnt,total_pymnt_inv,total_rec_prncp,total_rec_int,total_rec_late_fee,recoveries,collection_recovery_fee,last_pymnt_d,last_pymnt_amnt,next_pymnt_d,last_credit_pull_d,collections_12_mths_ex_med,mths_since_last_major_derog,policy_code,application_type,annual_inc_joint,dti_joint,verification_status_joint,acc_now_delinq,tot_coll_amt,tot_cur_bal,open_acc_6m,open_act_il,open_il_12m,open_il_24m,mths_since_rcnt_il,total_bal_il,il_util,open_rv_12m,open_rv_24m,max_bal_bc,all_util,total_rev_hi_lim,inq_fi,total_cu_tl,inq_last_12m,acc_open_past_24mths,avg_cur_bal,bc_open_to_buy,bc_util,chargeoff_within_12_mths,delinq_amnt,mo_sin_old_il_acct,mo_sin_old_rev_tl_op,mo_sin_rcnt_rev_tl_op,mo_sin_rcnt_tl,mort_acc,mths_since_recent_bc,mths_since_recent_bc_dlq,mths_since_recent_inq,mths_since_recent_revol_delinq,num_accts_ever_120_pd,num_actv_bc_tl,num_actv_rev_tl,num_bc_sats,num_bc_tl,num_il_tl,num_op_rev_tl,num_rev_accts,num_rev_tl_bal_gt_0,num_sats,num_tl_120dpd_2m,num_tl_30dpd,num_tl_90g_dpd_24m,num_tl_op_past_12m,pct_tl_nvr_dlq,percent_bc_gt_75,pub_rec_bankruptcies,tax_liens,tot_hi_cred_lim,total_bal_ex_mort,total_bc_limit,total_il_high_credit_limit,revol_bal_joint,sec_app_earliest_cr_line,sec_app_inq_last_6mths,sec_app_mort_acc,sec_app_open_acc,sec_app_revol_util,sec_app_open_act_il,sec_app_num_rev_accts,sec_app_chargeoff_within_12_mths,sec_app_collections_12_mths_ex_med,sec_app_mths_since_last_major_derog,hardship_flag,hardship_type,hardship_reason,hardship_status,deferral_term,hardship_amount,hardship_start_date,hardship_end_date,payment_plan_start_date,hardship_length,hardship_dpd,hardship_loan_status,orig_projected_additional_accrued_interest,hardship_payoff_balance_amount,hardship_last_payment_amount,disbursement_method,debt_settlement_flag,debt_settlement_flag_date,settlement_status,settlement_date,settlement_amount,settlement_percentage,settlement_term
,,9000,9000,9000, 36 months,15.31%,313.36,C,C5,Senior Case Assistant,9 years,RENT,52000,Source Verified,Mar-16,Fully Paid,n,,,debt_consolidation,Debt consolidation,945xx,CA,18.86,0,Nov-99,0,24,,6,0,11713,73.70%,13,w,0,0,10193.65174,10193.65,9000,1193.65,0,0,0,Mar-17,7064.14,,Oct-18,0,,1,Individual,,,,0,0,52953,2,1,1,1,4,41240,,3,3,3789,74,15900,0,1,2,4,8826,4187,73.7,0,0,125,196,1,1,0,1,,4,,0,5,5,5,9,3,5,10,5,6,0,0,0,4,92.3,80,0,0,58425,52953,15900,42525,,,,,,,,,,,,N,,,,,,,,,,,,,,,Cash,N,,,,,,
,,8000,8000,8000, 36 months,10.75%,260.97,B,B4,Vp,5 years,RENT,73000,Source Verified,Mar-16,Current,n,,,debt_consolidation,Debt consolidation,917xx,CA,10.85,0,Jan-05,2,,,5,0,1824,8%,8,w,769.43,769.43,8638.28,8638.28,7230.57,1407.71,0,0,0,Jan-19,260.97,Feb-19,Jan-19,0,,1,Individual,,,,0,0,62125,1,2,0,1,13,60301,85,2,3,854,47,22800,0,1,2,4,12425,20571,6.5,0,0,134,84,2,2,0,2,,0,,0,2,3,2,3,4,3,4,3,5,0,0,0,2,100,50,0,0,78840,62125,22000,56040,,,,,,,,,,,,N,,,,,,,,,,,,,,,Cash,N,,,,,,
,,11275,11275,11275, 36 months,15.31%,392.57,C,C5,Licensing Specialist,< 1 year,MORTGAGE,35000,Source Verified,Mar-16,Fully Paid,n,,,credit_card,Credit card refinancing,275xx,NC,20.47,0,Nov-97,1,44,70,10,1,20025,77%,14,w,0,0,13662.78416,13662.78,11275,2387.78,0,0,0,Feb-18,5437.99,,Feb-18,0,63,1,Individual,,,,0,95,54475,1,1,0,0,31,3851,48,2,2,2181,70,26000,0,0,2,2,5448,815,88,0,0,125,220,6,6,2,6,,6,46,0,4,8,4,4,2,8,10,8,10,0,0,0,2,78.6,75,0,0,110006,23876,6800,8006,,,,,,,,,,,,N,,,,,,,,,,,,,,,Cash,N,,,,,,
,,12800,12800,12800, 36 months,11.99%,425.09,C,C1,LOGISTICS COORDINATOR,6 years,MORTGAGE,53000,Verified,Mar-16,Current,n,,,credit_card,Credit card refinancing,330xx,FL,20.99,0,Mar-02,0,,59,7,1,8777,79.10%,16,w,1249.88,1249.88,14014.88,14014.88,11550.12,2464.76,0,0,0,Jan-19,425.09,Feb-19,Jan-19,0,,1,Individual,,,,0,0,221036,2,2,1,1,9,23227,68,1,1,3381,71,11100,1,0,2,3,31577,962,87.8,0,0,124,168,4,4,1,43,,7,,0,3,4,3,4,7,4,8,4,7,0,0,0,3,100,100,1,0,235600,32004,7900,34024,,,,,,,,,,,,N,,,,,,,,,,,,,,,Cash,N,,,,,,
,,9600,9600,9600, 36 months,9.75%,308.64,B,B3,unit leader,10+ years,MORTGAGE,120000,Not Verified,Mar-16,Fully Paid,n,,,home_improvement,Home improvement,835xx,ID,13.11,1,Sep-99,1,15,,16,0,5375,18.20%,35,w,0,0,10932.38387,10932.38,9600,1332.38,0,0,0,Mar-18,4115.59,,Sep-18,0,59,1,Individual,,,,0,453,165800,2,3,2,3,7,26846,62,1,2,2437,44,29500,2,14,4,6,10363,14649,25.3,0,0,138,198,0,0,4,41,,0,,1,3,4,6,6,17,11,14,4,16,0,0,0,4,91.2,33.3,0,0,207042,32221,19600,43252,,,,,,,,,,,,N,,,,,,,,,,,,,,,Cash,N,,,,,,
,,7200,7200,7200, 36 months,8.39%,226.92,B,B1,Director of Slots,10+ years,RENT,197000,Not Verified,Mar-16,Fully Paid,n,,,car,Car financing,493xx,MI,8.08,0,May-00,1,,71,9,1,762,5.40%,28,w,0,0,7954.533952,7954.53,7200,754.53,0,0,0,Nov-17,3876.68,,Dec-18,0,,1,Individual,,,,0,0,55556,1,3,3,5,1,54794,62,0,0,505,32,14200,4,2,3,5,7937,9438,7.5,0,0,132,190,31,1,1,36,,1,,0,2,2,3,9,13,5,13,2,7,0,0,0,3,100,0,1,0,73780,55556,10200,59580,,,,,,,,,,,,N,,,,,,,,,,,,,,,Cash,N,,,,,,
,,24000,24000,24000, 60 months,15.31%,574.88,C,C5,Account Manager,5 years,MORTGAGE,90000,Not Verified,Mar-16,Fully Paid,n,,,debt_consolidation,Debt consolidation,554xx,MN,13.75,0,Jun-03,0,53,,8,0,23518,97.20%,24,w,0,0,25044.92,25044.92,24000,1044.92,0,0,0,Jul-16,23935.99,,May-18,0,53,1,Individual,,,,0,0,316302,2,2,2,2,9,14358,78,0,1,8800,89,24200,0,2,3,6,39538,320,97.8,0,0,129,126,13,3,6,100,,5,,1,2,5,2,8,6,5,12,5,8,0,0,0,4,95.8,100,0,0,321817,37876,14500,18365,,,,,,,,,,,,N,,,,,,,,,,,,,,,Cash,N,,,,,,
,,26000,26000,26000, 36 months,5.32%,782.99,A,A1,,n/a,MORTGAGE,155703,Not Verified,Mar-16,Current,n,,,debt_consolidation,Debt consolidation,207xx,MD,6.14,0,May-86,0,30,,7,0,18271,57.80%,12,w,1555.42,1555.42,26555.26,26555.26,24444.58,2110.68,0,0,0,Jan-19,782.99,Feb-19,Jan-19,0,,1,Individual,,,,0,0,496476,0,0,0,0,45,0,,0,0,8999,65,31600,1,1,1,2,82746,10611,62.8,0,0,48,358,43,8,2,43,,10,30,0,3,4,4,5,2,5,7,4,7,0,0,0,1,91.7,0,0,0,522212,25933,28500,0,,,,,,,,,,,,N,,,,,,,,,,,,,,,Cash,N,,,,,,
,,12000,12000,12000, 36 months,5.32%,361.38,A,A1,Self,6 years,MORTGAGE,85000,Verified,Mar-16,Current,n,,,debt_consolidation,Debt consolidation,769xx,TX,23.15,0,Mar-82,0,,,8,0,23857,64%,16,w,1074.5,1074.5,11918.45,11918.45,10925.5,992.95,0,0,0,Jan-19,361.38,Feb-19,Jan-19,0,,1,Individual,,,,0,0,118483,0,0,0,0,37,0,,0,0,8589,64,37300,0,0,0,0,16926,13443,64,0,0,85,408,92,37,2,107,,,,0,4,4,5,8,2,5,10,4,8,0,0,0,0,100,60,0,0,156823,59782,37300,0,,,,,,,,,,,,N,,,,,,,,,,,,,,,Cash,N,,,,,,
,,10000,10000,10000, 36 months,9.16%,318.75,B,B2,Sales Representative,< 1 year,OWN,50000,Not Verified,Mar-16,Fully Paid,n,,,debt_consolidation,Debt consolidation,750xx,TX,22.25,0,Jan-76,2,,25,9,1,8887,52.90%,35,w,0,0,11371.38913,11371.39,10000,1371.39,0,0,0,Jul-18,3094.07,,Jan-19,0,,1,Individual,,,,0,0,20715,3,3,1,1,7,11828,42,3,5,4329,46,16800,0,0,2,6,2589,7059,53.3,0,0,152,482,2,2,7,2,,3,,0,4,5,4,13,5,6,22,5,8,0,0,0,4,100,0,1,0,45127,20715,15100,28327,,,,,,,,,,,,N,,,,,,,,,,,,,,,Cash,N,,,,,,
,,24925,24925,24925, 60 months,18.25%,636.33,D,D3,Facility Scheduling & EVents Manager,10+ years,MORTGAGE,62596,Verified,Mar-16,Fully Paid,n,,,debt_consolidation,Debt consolidation,820xx,WY,29.64,0,Jun-05,0,80,,9,0,9206,54.20%,37,w,0,0,32035.8157,32035.82,24925,7110.82,0,0,0,Feb-18,1103.43,,Jan-19,0,,1,Individual,,,,0,0,55363,1,3,2,4,4,46157,79,0,1,8001,73,17000,1,3,3,5,7909,4794,65.8,0,0,129,126,19,4,4,19,80,3,80,0,2,2,3,7,19,6,14,2,9,0,0,0,2,97.3,66.7,0,0,75465,55363,14000,58465,,,,,,,,,,,,N,,,,,,,,,,,,,,,Cash,N,,,,,,
,,5000,5000,5000, 36 months,9.16%,159.38,B,B2,Office Manager ,4 years,MORTGAGE,40000,Verified,Mar-16,Fully Paid,n,,,debt_consolidation,Debt consolidation,337xx,FL,27.63,0,Aug-03,1,39,,14,0,10484,36.70%,35,w,0,0,5552.851864,5552.85,5000,552.85,0,0,0,Dec-17,1828.37,,Dec-18,0,48,1,Individual,,,,0,0,272017,1,4,3,3,8,93617,95,2,2,6640,71,28600,0,7,6,6,19430,5090,64.9,0,0,151,119,5,5,3,5,,0,,1,3,5,5,10,17,9,15,5,14,0,0,0,5,97.1,20,0,0,295967,104101,14500,95636,,,,,,,,,,,,N,,,,,,,,,,,,,,,Cash,N,,,,,,
,,15325,15325,15325, 36 months,20.75%,575.41,E,E2,Owner,4 years,MORTGAGE,60000,Source Verified,Mar-16,Fully Paid,n,,,debt_consolidation,Debt consolidation,300xx,GA,10.16,0,May-03,2,,60,14,1,11641,52.20%,19,f,0,0,20201.4702,20201.47,15325,4876.47,0,0,0,Jun-18,5851.55,,Jul-18,0,,1,Individual,,,,0,0,221345,2,0,0,0,46,0,,1,5,2286,52,21300,2,0,9,6,17027,5994,41.1,0,0,46,154,6,6,2,15,,0,,0,8,11,8,9,1,13,16,11,14,0,0,0,2,100,25,1,0,232405,11641,11300,0,,,,,,,,,,,,N,,,,,,,,,,,,,,,Cash,N,,,,,,
,,10850,10850,10850, 36 months,13.67%,369.1,C,C3,Manager,10+ years,MORTGAGE,44000,Verified,Mar-16,Current,n,,,credit_card,Credit card refinancing,254xx,WV,32.01,0,Jan-89,0,58,59,11,1,12347,64.30%,26,w,1082.14,1082.14,12163.82,12163.82,9767.86,2395.96,0,0,0,Jan-19,369.1,Feb-19,Aug-18,0,58,1,Individual,,,,0,0,176684,2,3,2,2,4,35785,81,1,3,6282,76,19200,2,1,4,6,17668,3553,77.7,0,0,173,326,3,3,4,3,58,4,58,0,4,4,4,10,9,7,13,4,10,0,0,0,3,95.7,50,1,0,200322,48132,15900,44472,,,,,,,,,,,,N,,,,,,,,,,,,,,,Cash,N,,,,,,
,,24000,24000,24000, 60 months,17.27%,599.96,D,D2,Sales,2 years,RENT,50000,Source Verified,Mar-16,Fully Paid,n,,,credit_card,Credit card refinancing,750xx,TX,13.18,0,Aug-03,0,74,,12,0,11576,30.30%,20,w,0,0,30551.85199,30551.85,24000,6551.85,0,0,0,Jan-18,18598.7,,Jan-19,0,74,1,Individual,,,,0,0,28487,2,2,1,2,6,16911,78,3,7,4361,48,38200,0,0,1,9,2374,14924,43.7,0,0,151,93,5,5,0,5,74,7,74,2,5,5,7,9,7,10,13,5,12,0,0,0,4,90,0,0,0,59809,28487,26500,21609,,,,,,,,,,,,N,,,,,,,,,,,,,,,Cash,N,,,,,,
,,6000,6000,6000, 36 months,14.46%,206.41,C,C4,physician assistant ,6 years,RENT,120000,Source Verified,Mar-16,Charged Off,n,,,debt_consolidation,Debt consolidation,115xx,NY,31.12,0,Dec-98,2,,,24,0,31274,59.60%,32,w,0,0,5358.81,5358.81,4066.41,1292.4,0,0,0,Jun-18,206.41,,Dec-18,0,,1,Individual,,,,0,0,180409,1,8,1,2,5,148856,98,2,5,4727,88,52500,1,2,3,7,7844,17956,62.5,0,0,207,111,12,5,0,12,,5,,0,11,12,12,13,15,14,15,12,24,0,0,0,3,100,25,0,0,205473,180409,47900,151899,,,,,,,,,,,,N,,,,,,,,,,,,,,,Cash,N,,,,,,
,,13000,13000,13000, 36 months,10.75%,424.07,B,B4,Branch Superintendent,10+ years,RENT,75129,Not Verified,Mar-16,Fully Paid,n,,,other,Other,027xx,MA,27.56,0,May-03,1,,,16,0,23398,41.80%,35,w,0,0,14089.32351,14089.32,13000,1089.32,0,0,0,Feb-17,10288.22,,Jan-19,0,,1,Individual,,,,0,1056,65233,0,2,0,1,23,41835,,4,9,7242,42,56000,0,0,3,10,4077,16030,58.5,0,0,154,150,7,7,0,7,,4,,0,6,8,9,18,8,14,27,8,16,0,0,0,4,100,66.7,0,0,131598,65233,38600,75598,,,,,,,,,,,,N,,,,,,,,,,,,,,,Cash,N,,,,,,
,,13550,13550,13550, 36 months,10.75%,442.01,B,B4,Sales,2 years,MORTGAGE,79000,Source Verified,Mar-16,Fully Paid,n,,,credit_card,Credit card refinancing,743xx,OK,19.22,0,Apr-00,0,99,,9,0,7787,66.60%,23,w,0,0,15537.17486,15537.17,13550,1987.17,0,0,0,Feb-18,6261.07,,Jan-19,0,99,1,Individual,,,,0,2552,135472,0,3,0,2,13,30633,65,0,1,2153,65,11700,0,0,0,3,15052,1966,77.9,0,0,138,114,24,13,2,24,99,,99,1,4,5,4,5,15,5,6,5,9,0,0,0,0,95.7,75,0,0,163583,38420,8900,47151,,,,,,,,,,,,N,,,,,,,,,,,,,,,Cash,N,,,,,,
,,10000,10000,10000, 36 months,11.99%,332.1,C,C1,Potential Specialist,< 1 year,RENT,39700,Source Verified,Mar-16,Current,n,,,debt_consolidation,Debt consolidation,344xx,FL,16.14,1,May-95,0,17,,6,0,6748,86.50%,23,w,976.52,976.52,10945.98,10945.98,9023.48,1922.5,0,0,0,Jan-19,332.1,Feb-19,Jan-19,0,28,1,Individual,,,,0,0,24701,0,2,0,1,15,17953,119,0,0,3694,108,7800,0,4,0,1,6175,1052,86.5,0,0,250,128,26,15,4,75,,,17,2,2,2,2,3,8,4,11,2,6,0,0,0,0,82.6,100,0,0,22910,24701,7800,15110,,,,,,,,,,,,N,,,,,,,,,,,,,,,Cash,N,,,,,,
,,12500,12500,12500, 60 months,14.46%,293.85,C,C4,Occupational Therapist Assisstant,1 year,RENT,91000,Source Verified,Mar-16,Current,n,,,debt_consolidation,Debt consolidation,270xx,NC,11.83,0,Aug-02,1,,,8,0,9215,81%,15,w,6737.84,6737.84,9676.97,9676.97,5762.16,3914.81,0,0,0,Jan-19,293.85,Feb-19,Jan-19,0,,1,Individual,,,,0,0,175815,1,3,2,2,11,30319,81,2,4,7318,81,11400,1,0,4,7,21976,3500,85,0,0,143,163,3,3,2,3,,3,,0,3,4,4,4,7,4,6,4,8,,0,0,5,93,66.7,0,0,185957,39534,10500,37204,,,,,,,,,,,,N,,,,,,,,,,,,,,,Cash,N,,,,,,
,,5800,5800,5800, 36 months,11.47%,191.18,B,B5,shipping,2 years,RENT,21000,Source Verified,Mar-16,Current,n,,,debt_consolidation,,799xx,TX,16.91,1,Jan-02,0,2,,5,0,4416,63.10%,10,w,562.67,562.67,6301.55,6301.55,5237.33,1064.22,0,0,0,Jan-19,191.18,Feb-19,Jan-19,0,2,1,Individual,,,,1,0,10934,0,1,0,0,73,1972,147,1,2,3957,85,7000,1,0,0,2,2187,605,87.9,0,4199,88,170,11,11,0,23,,18,,1,2,3,2,4,3,3,6,3,4,1,0,1,1,90,50,0,0,12886,10934,5000,1340,,,,,,,,,,,,N,,,,,,,,,,,,,,,Cash,N,,,,,,
,,7000,7000,7000, 36 months,13.67%,238.13,C,C3,Paraprofessional,2 years,OWN,25000,Source Verified,Mar-16,Fully Paid,n,,,credit_card,Credit card refinancing,307xx,GA,26.67,2,May-05,0,2,,20,0,5758,25.80%,42,w,0,0,7942.074872,7942.07,7000,942.07,0,0,0,Apr-18,473.12,,Aug-18,0,,1,Individual,,,,0,0,17230,0,7,0,1,18,11472,63,3,5,4532,42,22300,0,0,0,6,907,8410,38.2,0,0,89,130,9,9,0,20,2,,2,0,3,4,7,9,18,13,24,4,20,0,0,0,3,83.3,28.6,0,0,40589,17230,13600,18289,,,,,,,,,,,,N,,,,,,,,,,,,,,,Cash,N,,,,,,
,,5200,5200,5200, 36 months,9.16%,165.75,B,B2,Driver,9 years,OWN,36000,Source Verified,Mar-16,Charged Off,n,,,debt_consolidation,,432xx,OH,15.92,0,Dec-02,0,,,11,0,4970,16.70%,12,w,0,0,3797.55,3797.55,2859.37,616.09,0,322.09,57.9762,Jan-18,165.75,,Jul-18,0,,1,Individual,,,,0,0,13483,1,1,1,1,1,8513,100,0,3,2060,35,29700,0,0,0,4,1226,22954,17.4,0,0,1,159,17,1,0,17,,,,0,7,8,8,9,1,10,11,8,11,0,0,0,1,100,25,0,0,38200,13483,27800,8500,,,,,,,,,,,,N,,,,,,,,,,,,,,,Cash,N,,,,,,
,,10000,10000,10000, 36 months,9.75%,321.5,B,B3,RELATIONSHIP SPECIALIST II,3 years,OWN,43000,Not Verified,Mar-16,Fully Paid,n,,,debt_consolidation,Debt consolidation,608xx,IL,30.09,0,Oct-10,1,,,9,0,10139,30.70%,14,w,0,0,11092.24416,11092.24,10000,1092.24,0,0,0,Aug-17,6280.57,,Jan-19,0,,1,Individual,,,,0,0,42767,1,2,1,1,6,32628,73,1,1,5260,55,33000,2,0,3,2,4752,9861,50.7,0,0,65,65,10,6,0,10,,6,,0,4,4,4,4,4,7,10,4,9,0,0,0,2,100,0,0,0,77555,42767,20000,44555,,,,,,,,,,,,N,,,,,,,,,,,,,,,Cash,N,,,,,,
,,16000,16000,16000, 60 months,18.99%,414.97,D,D4,Accounts Payable Team Lead,5 years,MORTGAGE,47521,Source Verified,Mar-16,Fully Paid,n,,,credit_card,Credit card refinancing,480xx,MI,21.79,0,Nov-00,1,25,,10,0,9891,37%,16,w,0,0,20238.07091,20238.07,16000,4238.07,0,0,0,Oct-17,13143.1,,Aug-18,0,25,1,Individual,,,,0,2017,22551,0,2,2,2,9,12660,67,3,4,5917,50,26700,1,1,4,6,2506,9491,49.5,0,0,113,184,7,7,0,7,,0,,2,4,6,5,5,7,8,9,6,10,0,0,0,5,93.3,25,0,0,45520,22551,18800,18820,,,,,,,,,,,,N,,,,,,,,,,,,,,,Cash,N,,,,,,
,,15000,15000,15000, 36 months,5.32%,451.73,A,A1,Partner,10+ years,MORTGAGE,200000,Not Verified,Mar-16,Current,n,,,credit_card,Credit card refinancing,551xx,MN,10.43,2,Sep-91,1,10,,6,0,26408,87.40%,21,w,898.35,898.35,15336.65,15336.65,14101.65,1235,0,0,0,Jan-19,451.73,Feb-19,Jan-19,0,10,1,Individual,,,,0,0,684662,0,1,0,0,70,151086,,0,0,15136,87,30200,0,0,2,1,136932,3792,87.4,0,0,294,231,56,8,4,97,,6,13,2,2,2,2,7,5,3,12,2,6,0,0,2,1,84.2,100,0,0,725671,177494,30200,160910,,,,,,,,,,,,N,,,,,,,,,,,,,,,Cash,N,,,,,,
,,40000,40000,40000, 60 months,8.39%,818.55,B,B1,mechenic,10+ years,MORTGAGE,95000,Verified,Mar-16,Current,n,,,debt_consolidation,Debt consolidation,197xx,DE,13.64,0,Apr-85,0,,,10,0,40537,45.50%,20,w,20075.93,20075.93,26974.86,26974.86,19924.07,7050.79,0,0,0,Jan-19,818.55,Feb-19,Jan-19,0,,1,Individual,,,,0,0,159817,1,0,0,0,116,0,,2,3,10713,46,89100,0,0,1,3,15982,41363,49.5,0,0,149,371,1,1,5,1,,12,,0,7,7,8,12,2,9,13,7,10,0,0,0,2,100,12.5,0,0,229100,40537,81900,0,,,,,,,,,,,,N,,,,,,,,,,,,,,,Cash,N,,,,,,
,,16000,16000,16000, 60 months,14.46%,376.12,C,C4,Master Optician ,3 years,MORTGAGE,75000,Source Verified,Mar-16,Fully Paid,n,,,debt_consolidation,Debt consolidation,186xx,PA,9.01,1,Oct-05,1,6,,12,0,9685,30.40%,19,w,0,0,18829.86015,18829.86,16000,2829.86,0,0,0,Aug-17,13213.77,,Dec-18,0,67,1,Individual,,,,0,0,152381,0,1,0,0,40,12847,63,2,3,4900,43,31900,2,2,5,4,12698,20215,32.4,0,0,125,120,11,11,2,11,,4,,1,5,5,9,11,5,10,12,5,12,0,0,0,2,84.2,22.2,0,0,185920,22532,29900,20499,,,,,,,,,,,,N,,,,,,,,,,,,,,,Cash,N,,,,,,
,,7500,7500,7500, 36 months,13.67%,255.14,C,C3,,n/a,MORTGAGE,27980,Verified,Mar-16,Fully Paid,n,,,other,Other,333xx,FL,33.59,0,Feb-89,2,,,10,0,6417,12.10%,22,w,0,0,8567.617582,8567.62,7500,1067.62,0,0,0,Jul-17,5007.05,,Jul-17,0,,1,Individual,,,,0,0,144170,1,2,2,2,2,27150,93,2,2,3153,41,52900,0,2,4,4,16019,40993,11.7,0,0,101,325,10,2,3,10,,3,,0,2,3,6,10,3,7,16,3,10,0,0,0,4,100,0,0,0,199120,33567,46400,29242,,,,,,,,,,,,N,,,,,,,,,,,,,,,Cash,N,,,,,,
,,19200,19200,19200, 60 months,20.75%,516.73,E,E2,Fo manager,7 years,MORTGAGE,60000,Not Verified,Mar-16,Current,n,,,major_purchase,Major purchase,853xx,AZ,24,0,Oct-06,0,,,18,0,16335,60.30%,24,w,11072.64,11072.64,17118.48,17118.48,8127.36,8991.12,0,0,0,Jan-19,516.73,Feb-19,Jan-19,0,,1,Individual,,,,0,184,162695,3,1,0,1,13,24797,86,6,8,3375,73,27100,1,0,1,9,9570,5614,69.2,0,0,46,113,1,1,2,1,,10,,0,6,9,8,12,2,15,20,9,18,0,0,0,6,100,37.5,0,0,187564,41132,18200,29008,,,,,,,,,,,,N,,,,,,,,,,,,,,,Cash,N,,,,,,
,,9650,9650,9650, 36 months,12.99%,325.11,C,C2,Restaurant employe/bar,3 years,RENT,80000,Source Verified,Mar-16,Charged Off,n,,,other,Other,112xx,NY,7.91,0,Dec-06,0,,,4,0,3269,46%,4,w,0,0,7896.12,7896.12,6224.59,1639.01,32.52,0,0,Mar-18,325.11,,Jan-19,0,,1,Individual,,,,0,586,12992,1,1,1,1,3,9723,97,0,1,3266,76,7100,0,0,0,2,3248,3231,50.3,0,0,3,111,23,3,0,23,,22,,0,2,2,2,2,1,3,3,2,4,0,0,0,1,100,0,0,0,17100,12992,6500,10000,,,,,,,,,,,,N,,,,,,,,,,,,,,,Cash,N,,,,,,
,,8000,8000,8000, 36 months,18.25%,290.23,D,D3,Manager ,9 years,RENT,50000,Source Verified,Mar-16,Charged Off,n,,,debt_consolidation,Debt consolidation,907xx,CA,22,0,Oct-09,0,,,15,0,10227,43%,25,w,0,0,4047,4047,2607.97,1439.03,0,0,0,Jun-17,290.23,,Jan-19,0,,1,Individual,,,,0,0,33913,1,2,1,2,12,23686,78,1,5,4010,63,23800,2,2,5,7,2422,0,101.1,0,0,30,77,6,6,0,6,,2,,0,3,7,4,5,4,13,19,7,15,0,0,0,2,100,100,0,0,54092,33913,6500,30292,,,,,,,,,,,,N,,,,,,,,,,,,,,,Cash,N,,,,,,
,,6000,6000,6000, 36 months,11.99%,199.26,C,C1,Cashier,10+ years,MORTGAGE,50000,Not Verified,Mar-16,Fully Paid,n,,,other,Other,936xx,CA,19.71,0,Sep-05,2,,72,12,1,3683,32.30%,18,f,0,0,6879.006625,6879.01,6000,879.01,0,0,0,Oct-17,3499.58,,Dec-18,0,,1,Individual,,,,0,0,162550,1,2,0,1,22,17137,58,2,6,76,51,11400,0,0,4,7,14777,4524,1.7,0,0,109,126,3,3,1,3,,0,,0,1,5,3,6,5,9,12,5,12,0,0,0,2,100,0,1,0,192344,20820,4600,29341,,,,,,,,,,,,N,,,,,,,,,,,,,,,Cash,N,,,,,,
,,14000,14000,14000, 60 months,14.46%,329.11,C,C4,Quality Supervisor,3 years,RENT,74360,Not Verified,Mar-16,Current,n,,,debt_consolidation,Debt consolidation,748xx,OK,12.15,0,Apr-06,0,37,16,9,3,6904,52.70%,32,w,7547.4,7547.4,10838.14,10838.14,6452.6,4385.54,0,0,0,Jan-19,329.11,Feb-19,Jan-19,0,40,1,Individual,,,,0,0,27312,0,2,2,5,7,20408,88,1,3,3611,76,12900,1,1,1,8,3035,367,95.2,0,0,115,119,10,7,0,15,37,12,37,1,3,6,3,5,21,7,10,6,9,0,0,0,3,90.3,66.7,0,3,36044,27312,5400,23144,,,,,,,,,,,,N,,,,,,,,,,,,,,,Cash,N,,,,,,
,,10000,10000,10000, 36 months,11.47%,329.62,B,B5,Nursing Supervisor,1 year,RENT,70000,Verified,Mar-16,Charged Off,n,,,medical,Medical expenses,857xx,AZ,9.14,0,Apr-92,0,39,42,6,1,6962,34%,22,w,0,0,8199.14,8199.14,6279.83,1752.83,16.48,150,27,Sep-18,151,,Jan-19,0,,1,Individual,,,,0,176,21374,1,1,2,2,4,14412,96,1,3,2814,60,20500,0,0,1,5,3562,12838,35.2,0,0,144,287,12,4,1,12,,12,,0,4,4,4,14,4,5,17,4,6,0,0,0,3,94.1,0,1,0,35500,21374,19800,15000,,,,,,,,,,,,N,,,,,,,,,,,,,,,Cash,Y,Aug-18,ACTIVE,Aug-18,1746,45.01,12
,,17650,17650,17600, 36 months,19.53%,651.72,D,D5,AS tech,2 years,RENT,70000,Verified,Mar-16,Charged Off,n,,,debt_consolidation,Other,894xx,NV,13.63,0,Nov-04,0,,,6,0,14383,102%,9,f,0,0,5827.18,5810.67,3502.05,2325.13,0,0,0,Jan-17,651.72,,Aug-17,0,,1,Individual,,,,0,0,32913,0,1,0,1,22,18530,82,0,1,3448,90,14100,0,0,0,2,5486,0,100.8,0,0,40,136,16,16,1,16,,,,0,4,5,4,5,2,5,6,5,6,0,0,0,0,100,100,0,0,36700,32913,10600,22600,,,,,,,,,,,,N,,,,,,,,,,,,,,,Cash,N,,,,,,
,,10400,10400,10400, 60 months,13.67%,240.22,C,C3,Mitigation Assistant,4 years,RENT,45000,Verified,Mar-16,Charged Off,n,,,moving,,708xx,LA,27.84,0,May-06,0,24,,9,0,14978,64.80%,21,w,0,0,4788.6,4788.6,2717.36,2071.24,0,0,0,Dec-17,240.22,,Jan-19,0,,1,Individual,,,,0,0,50433,0,1,0,2,13,35455,,0,2,5501,65,23100,0,2,0,4,5604,4137,75.1,0,0,104,106,14,13,2,28,24,13,24,0,4,8,4,7,4,8,15,8,9,0,0,0,0,85.7,50,0,0,63472,50433,16600,40372,,,,,,,,,,,,N,,,,,,,,,,,,,,,Cash,Y,Jul-18,BROKEN,Jun-18,3661,45,16
,,2000,2000,2000, 36 months,28.34%,83.1,G,G3,security officer,2 years,RENT,24000,Verified,Mar-16,Fully Paid,n,,,other,Other,076xx,NJ,19.4,0,Nov-01,3,33,23,7,1,1728,59.60%,11,f,0,0,2078.05,2078.05,2000,78.05,0,0,0,May-16,2084.35,,Dec-18,0,33,1,Individual,,,,0,275,16263,2,2,1,2,8,14535,93,3,4,1172,88,2900,3,0,5,6,2323,872,66.5,0,0,55,140,5,5,0,5,,3,,1,2,2,3,4,5,4,5,2,7,0,0,0,4,90,33.3,1,0,18570,16263,2600,15670,,,,,,,,,,,,N,,,,,,,,,,,,,,,Cash,N,,,,,,
,,12525,12525,12525, 36 months,15.31%,436.09,C,C5,truck driver,4 years,OWN,55000,Source Verified,Mar-16,Charged Off,n,,,home_improvement,Home improvement,162xx,PA,10.28,1,Nov-03,0,14,74,4,1,1961,40.90%,11,w,0,0,9161.19,9161.19,5898.22,2366.18,0,896.79,161.4222,Nov-17,436.09,,Apr-18,0,14,1,Individual,,,,0,0,18635,0,1,1,2,8,16674,91,1,1,1943,80,4800,2,0,1,3,4659,2839,40.9,0,0,148,96,11,8,0,11,,8,,1,2,2,3,5,4,3,5,2,4,0,0,1,2,100,33.3,0,0,23208,18635,4800,18408,,,,,,,,,,,,N,,,,,,,,,,,,,,,Cash,N,,,,,,
,,22400,22400,22400, 36 months,6.49%,686.44,A,A2,Manager of Digital Technology,10+ years,RENT,69650,Not Verified,Mar-16,Fully Paid,n,,,credit_card,Credit card refinancing,770xx,TX,29.26,0,Aug-00,0,,,7,0,10723,35.60%,13,w,0,0,24154.56275,24154.56,22400,1754.56,0,0,0,Oct-17,12484.67,,Jan-19,0,,1,Individual,,,,0,0,46121,0,3,2,2,11,35398,56,0,0,10723,50,30100,1,0,1,2,6589,16577,39.3,0,0,104,187,45,11,0,67,,11,,0,1,1,3,7,5,4,8,1,7,0,0,0,2,100,33.3,0,0,93259,46121,27300,63159,,,,,,,,,,,,N,,,,,,,,,,,,,,,Cash,N,,,,,,
,,7800,7800,7800, 36 months,14.46%,268.34,C,C4,LVN,2 years,RENT,38000,Source Verified,Mar-16,Current,n,,,debt_consolidation,Debt consolidation,914xx,CA,6.48,1,Jul-11,1,22,,10,0,4946,78.50%,11,w,708.1,708.1,8924.69,8924.69,7091.9,1832.79,0,0,0,Jan-19,350.34,Feb-19,Jan-19,0,27,1,Individual,,,,0,100,23918,0,8,0,0,28,18972,97,2,2,3821,92,6300,1,0,5,2,2392,1354,78.5,0,0,56,55,11,11,0,11,,0,22,0,2,2,2,2,8,2,3,2,10,0,0,0,2,90.9,50,0,0,25882,23918,6300,19582,,,,,,,,,,,,N,,,,,,,,,,,,,,,Cash,N,,,,,,
,,20000,20000,20000, 36 months,5.32%,602.3,A,A1,President,10+ years,MORTGAGE,165000,Not Verified,Mar-16,Fully Paid,n,,,debt_consolidation,,604xx,IL,9.01,0,Jan-98,0,,,14,0,20577,32.60%,30,w,0,0,21334.96799,21334.97,20000,1334.97,0,0,0,Dec-17,9903.09,,Jan-19,0,,1,Individual,,,,0,328,267437,0,3,0,0,38,28393,57,2,4,11265,43,63200,0,0,1,5,19103,26389,42.9,0,0,54,218,8,8,3,11,,8,,0,3,4,5,13,4,10,23,4,14,0,0,0,2,100,40,0,0,340903,48970,46200,49703,,,,,,,,,,,,N,,,,,,,,,,,,,,,Cash,N,,,,,,
,,30000,30000,30000, 36 months,15.31%,1044.52,C,C5,Owner,10+ years,MORTGAGE,60000,Not Verified,Mar-16,Charged Off,n,,,debt_consolidation,Debt consolidation,774xx,TX,29,0,Dec-85,0,,,16,0,23566,35.50%,40,w,0,0,12483.21,12483.21,8521.92,3961.29,0,0,0,Apr-17,1044.52,,Oct-17,0,,1,Individual,,,,0,0,182101,1,1,1,1,7,44314,,4,9,4076,36,66400,2,6,7,10,11381,18634,31,0,0,137,363,5,5,2,20,,7,,0,3,9,5,11,10,14,28,9,16,0,0,0,5,100,0,0,0,235449,67880,27000,47403,,,,,,,,,,,,N,,,,,,,,,,,,,,,Cash,N,,,,,,
,,21000,21000,21000, 36 months,7.89%,657,A,A5,Office Manager,10+ years,MORTGAGE,125000,Source Verified,Mar-16,Current,n,,,debt_consolidation,Debt consolidation,760xx,TX,10.55,1,Mar-82,1,15,,16,0,14324,26.50%,25,w,1945.3,1945.3,21662.59,21662.59,19054.7,2607.89,0,0,0,Jan-19,657,Feb-19,Jan-19,0,,1,Individual,,,,0,0,51168,1,3,0,1,23,36844,89,2,3,5816,54,54100,0,0,1,4,3655,29797,29.9,0,0,43,360,6,6,0,6,,6,15,0,5,7,7,12,4,12,20,7,16,0,0,0,2,92,42.9,0,0,95700,51168,42500,41600,,,,,,,,,,,,N,,,,,,,,,,,,,,,Cash,N,,,,,,
,,13000,13000,13000, 60 months,8.39%,266.03,B,B1,Registered Nurse,2 years,RENT,66000,Source Verified,Mar-16,Current,n,,,credit_card,Credit card refinancing,606xx,IL,10.62,0,Sep-03,0,34,,12,0,11424,55.70%,19,w,6524.64,6524.64,8812.31,8812.31,6475.36,2336.95,0,0,0,Jan-19,266.03,Feb-19,Jan-19,0,,1,Individual,,,,0,0,77071,1,6,0,2,14,65596,113,1,1,5314,86,20500,0,0,0,3,7006,9076,55.7,0,0,150,115,2,2,0,2,,15,,0,4,4,4,7,9,4,7,4,11,0,0,0,1,94.4,25,0,0,71768,77071,20500,50941,,,,,,,,,,,,N,,,,,,,,,,,,,,,Cash,N,,,,,,
,,15500,15500,15500, 36 months,12.99%,522.19,C,C2,Shared Systems Administrator,1 year,RENT,103000,Source Verified,Mar-16,Fully Paid,n,,,credit_card,Credit card refinancing,221xx,VA,27.78,0,Sep-95,0,62,,17,0,9843,50.50%,30,w,0,0,18199.79474,18199.79,15500,2699.79,0,0,0,Jan-18,7778.36,,Jan-18,0,,1,Individual,,,,0,0,161183,1,9,2,4,4,151340,102,0,1,4573,89,19500,0,2,0,5,9481,1792,81.7,0,0,246,88,18,4,0,18,,16,,0,4,5,5,5,22,8,8,5,17,0,0,0,2,92.6,40,0,0,160979,161183,9800,141479,,,,,,,,,,,,N,,,,,,,,,,,,,,,Cash,N,,,,,,
,,20000,20000,20000, 36 months,11.47%,659.24,B,B5,Owner,3 years,RENT,60000,Source Verified,Mar-16,Current,n,,,credit_card,,953xx,CA,23.92,0,Nov-04,1,80,,11,0,17454,60.80%,25,w,1940.29,1940.29,21729.43,21729.43,18059.71,3669.72,0,0,0,Jan-19,659.24,Feb-19,Jan-19,0,,1,Individual,,,,0,0,42859,1,2,0,0,29,25405,59,3,4,5281,60,28700,2,1,2,4,3896,6104,70.7,0,0,120,136,2,2,0,2,,1,,0,5,8,5,10,4,9,20,8,11,0,0,0,3,96,60,0,0,72073,42859,20800,43373,,,,,,,,,,,,N,,,,,,,,,,,,,,,Cash,N,,,,,,
,,28000,28000,28000, 36 months,15.31%,974.89,C,C5,ASSISTANT CONTROLLER,1 year,RENT,120000,Source Verified,Mar-16,Charged Off,n,,,debt_consolidation,Debt consolidation,913xx,CA,15,0,Jul-01,3,,,26,0,32722,45.90%,33,w,0,0,16178.06,16178.06,9402.21,4198.62,0,2577.23,463.9014,Jun-17,974.89,,Nov-17,0,,1,Individual,,,,0,0,69049,2,7,0,1,20,36327,80,4,8,10032,59,71300,0,0,4,9,2762,29192,48.5,0,0,133,176,4,4,0,4,,3,,0,13,17,14,14,8,19,25,17,26,0,0,0,4,100,14.3,0,0,116648,69049,56700,45348,,,,,,,,,,,,N,,,,,,,,,,,,,,,Cash,N,,,,,,
,,8000,8000,8000, 36 months,8.39%,252.14,B,B1,Administrative Assistant ,< 1 year,RENT,28000,Source Verified,Mar-16,Current,n,,,credit_card,Credit card refinancing,913xx,CA,18.86,2,Feb-08,1,6,,14,0,10196,29%,16,w,745.68,745.68,8318.75,8318.75,7254.32,1064.43,0,0,0,Jan-19,252.14,Feb-19,Jan-19,0,,1,Individual,,,,0,0,17774,1,1,0,0,26,7578,99,2,4,2247,29,34850,0,0,1,4,1367,3857,28,0,0,26,97,4,4,0,4,6,4,6,0,7,11,6,8,1,11,14,7,13,,0,0,2,75,28.6,0,0,45188,17774,27000,7674,,,,,,,,,,,,N,,,,,,,,,,,,,,,Cash,N,,,,,,
,,20000,20000,20000, 60 months,12.99%,454.96,C,C2,Assembly,10+ years,MORTGAGE,75000,Source Verified,Mar-16,Fully Paid,n,,,debt_consolidation,Debt consolidation,453xx,OH,16.14,0,Aug-01,0,,,7,0,7999,55.20%,31,w,0,0,21661.78,21661.78,20000,1661.78,0,0,0,Dec-16,18505.93,,Jan-19,0,,1,Individual,,,,0,706,151879,0,2,0,1,24,12645,42,0,2,3743,46,14500,0,8,0,3,21697,2997,70,0,0,93,175,16,16,4,16,,16,,0,2,3,2,8,11,4,16,3,7,0,0,0,0,100,50,0,0,194993,20644,10000,30193,,,,,,,,,,,,N,,,,,,,,,,,,,,,Cash,N,,,,,,
,,14000,14000,14000, 60 months,12.99%,318.48,C,C2,Director,3 years,MORTGAGE,75000,Not Verified,Mar-16,Current,n,,,home_improvement,Home improvement,300xx,GA,29.74,0,Jan-04,1,,,15,0,49532,69%,23,w,7421.24,7421.24,10489.63,10489.63,6578.76,3910.87,0,0,0,Jan-19,318.48,Feb-19,Jan-19,0,,1,Individual,,,,0,0,237230,1,2,0,1,24,22385,79,2,2,20133,72,71800,0,0,1,3,15815,12641,77.9,0,0,126,136,0,0,3,70,,0,,0,4,6,6,8,4,10,14,6,15,0,0,0,2,100,50,0,0,287093,74108,57300,28450,,,,,,,,,,,,N,,,,,,,,,,,,,,,Cash,N,,,,,,
,,30000,30000,30000, 36 months,11.99%,996.29,C,C1,Project Manager,2 years,MORTGAGE,83000,Verified,Mar-16,Fully Paid,n,,,credit_card,Credit card refinancing,481xx,MI,12.74,0,Mar-96,0,,,9,0,14427,101.60%,18,w,0,0,34868.14432,34868.14,30000,4868.14,0,0,0,Jan-18,14964.22,,Jan-18,0,,1,Individual,,,,0,0,288675,0,5,0,1,22,62158,103,0,0,7595,103,14200,2,0,3,3,32075,0,101.6,0,0,64,240,25,9,3,25,,0,,0,3,3,3,6,5,3,9,3,9,0,0,0,1,100,100,0,0,289447,76585,14200,60214,,,,,,,,,,,,N,,,,,,,,,,,,,,,Cash,N,,,,,,
,,15000,15000,15000, 60 months,26.57%,454.19,F,F5,Administrative,9 years,MORTGAGE,65500,Verified,Mar-16,Current,n,,,home_improvement,Home improvement,561xx,MN,33.47,0,Apr-00,1,75,81,17,1,12959,48.70%,24,w,9178.5,9178.5,14996.48,14996.48,5821.5,9174.98,0,0,0,Jan-19,454.19,Feb-19,Jan-19,0,,1,Individual,,,,0,0,134388,2,3,1,2,9,36945,70,5,9,4474,63,26600,3,0,4,11,7905,3735,71.3,0,0,68,191,4,4,1,11,,4,75,0,3,7,4,4,6,13,17,7,17,0,0,0,6,95.8,50,0,0,172062,49904,13000,53060,,,,,,,,,,,,N,,,,,,,,,,,,,,,Cash,N,,,,,,
,,16000,16000,16000, 60 months,13.67%,369.57,C,C3,Senior Client Associate,7 years,MORTGAGE,85000,Not Verified,Mar-16,Fully Paid,n,,,credit_card,Credit card refinancing,112xx,NY,12.3,0,Oct-97,0,,,19,0,35308,46.30%,34,w,0,0,17715.35478,17715.35,16000,1715.35,0,0,0,Feb-17,14413.52,,Aug-17,0,,1,Individual,,,,0,0,374019,1,0,2,3,11,0,,0,3,9184,46,80400,3,0,3,7,20779,30960,51.3,0,0,171,221,19,5,4,19,,3,,0,9,12,11,18,4,18,26,12,19,0,0,0,3,100,18.2,0,0,420400,35308,59200,0,,,,,,,,,,,,N,,,,,,,,,,,,,,,Cash,N,,,,,,
,,12000,12000,12000, 60 months,19.53%,314.8,D,D5,Revenue Specialist,10+ years,MORTGAGE,39479,Source Verified,Mar-16,Current,n,,,debt_consolidation,Debt consolidation,208xx,MD,16.48,0,Mar-03,0,28,,6,0,5118,50.70%,15,w,6837.73,6837.73,10362.36,10362.36,5162.27,5200.09,0,0,0,Jan-19,314.8,Feb-19,Jan-19,0,46,1,Individual,,,,0,0,10249,0,2,1,2,9,5131,46,1,2,2866,48,10100,0,1,1,4,1708,3995,56.1,0,0,111,156,9,9,0,9,28,9,28,0,3,4,3,6,3,4,12,4,6,0,0,0,2,86.7,66.7,0,0,21251,10249,9100,11151,,,,,,,,,,,,N,,,,,,,,,,,,,,,Cash,N,,,,,,
,,15000,15000,15000, 60 months,18.25%,382.95,D,D3,CEO,10+ years,MORTGAGE,100000,Source Verified,Mar-16,Current,n,,,debt_consolidation,Debt consolidation,329xx,FL,16.76,0,Nov-92,0,36,,13,0,11341,38.80%,26,w,8427.75,8427.75,12606.93,12606.93,6572.25,6034.68,0,0,0,Jan-19,382.95,Feb-19,Jan-19,0,36,1,Individual,,,,0,0,255719,1,3,2,3,7,23975,80,3,4,3944,60,29200,0,0,0,7,19671,5091,61.1,0,0,120,280,4,4,2,4,36,19,36,2,4,8,4,10,5,9,19,8,13,0,0,0,5,92,50,0,0,272278,35316,13100,30048,,,,,,,,,,,,N,,,,,,,,,,,,,,,Cash,N,,,,,,
,,28000,28000,28000, 60 months,15.31%,670.69,C,C5,Manager ,10+ years,MORTGAGE,105000,Not Verified,Mar-16,Current,n,,,debt_consolidation,Debt consolidation,383xx,TN,33.62,1,Aug-04,0,11,,26,0,50339,45.40%,47,w,15242.38,15242.38,22118.67,22118.67,12757.62,9327.52,33.53,0,0,Jan-19,670.69,Feb-19,Jan-19,0,,1,Individual,,,,0,0,245234,2,7,4,5,4,87537,81,0,1,8500,55,110800,0,3,0,6,10218,51805,49,0,0,126,139,15,4,4,15,11,15,11,0,11,12,12,16,17,18,26,12,26,0,0,0,4,100,25,0,0,368007,137876,101600,137386,,,,,,,,,,,,N,,,,,,,,,,,,,,,Cash,N,,,,,,
,,6000,6000,6000, 36 months,10.75%,195.73,B,B4,CS Supervisor,3 years,MORTGAGE,46000,Source Verified,Mar-16,Fully Paid,n,,,credit_card,Credit card refinancing,530xx,WI,17.58,0,Jun-01,0,,68,7,1,3600,59%,10,w,0,0,6633.471181,6633.47,6000,633.47,0,0,0,Jun-17,4096.15,,Jan-19,0,,1,Individual,,,,0,3415,157454,0,3,0,1,20,83457,82,1,1,3600,78,6100,2,0,1,2,22493,2500,59,0,0,177,50,11,11,1,11,,11,,2,1,1,2,2,5,2,2,1,7,0,0,0,1,70,50,0,0,180154,87157,6100,92354,,,,,,,,,,,,N,,,,,,,,,,,,,,,Cash,N,,,,,,
,,5000,5000,5000, 36 months,10.75%,163.11,B,B4,Driver,10+ years,MORTGAGE,48000,Source Verified,Mar-16,Charged Off,n,,,debt_consolidation,,891xx,NV,17.13,2,Jun-04,1,7,,8,0,4023,57.50%,17,w,0,0,1462.02,1462.02,1103.23,358.79,0,0,0,Jan-17,163.11,,Sep-17,0,30,1,Individual,,,,0,0,97518,2,1,0,0,44,15084,55,2,2,2417,56,7000,0,0,3,2,12190,2244,53.2,0,0,103,134,0,0,5,0,26,0,26,1,2,3,3,5,3,6,8,4,8,0,0,0,2,62.5,33.3,0,0,134265,19107,4800,27265,,,,,,,,,,,,N,,,,,,,,,,,,,,,Cash,N,,,,,,
,,3600,3600,3600, 36 months,17.27%,128.84,D,D2,Pastor,10+ years,OWN,90000,Source Verified,Mar-16,Fully Paid,n,,,medical,Medical expenses,467xx,IN,27.8,0,Jun-01,1,41,,8,0,6277,83.70%,32,w,0,0,4474.832514,4474.83,3600,874.83,0,0,0,Feb-18,1767.32,,Jan-19,0,,1,Individual,,,,0,1374,87820,0,6,2,3,7,81543,78,0,0,6277,78,7500,0,5,1,3,10978,223,96.6,0,0,159,177,27,7,0,27,,1,,0,1,1,1,10,19,2,13,1,8,0,0,0,2,96.9,100,0,0,132701,87820,6500,125201,,,,,,,,,,,,N,,,,,,,,,,,,,,,Cash,N,,,,,,
,,21000,21000,21000, 60 months,14.46%,493.66,C,C4,Software Development Manager,8 years,MORTGAGE,115000,Source Verified,Mar-16,Fully Paid,n,,,debt_consolidation,Debt consolidation,895xx,NV,15.46,0,Nov-03,0,31,,12,0,15638,42.20%,27,w,0,0,24741.15484,24741.15,21000,3741.15,0,0,0,Aug-17,17369.99,,Jan-19,0,,1,Individual,,,,0,0,51873,1,2,0,0,25,36235,49,1,4,3848,45,37100,1,1,5,6,4323,14444,43.6,0,0,59,148,1,1,3,1,31,3,31,0,6,9,6,7,6,10,18,9,12,0,0,0,1,96.3,83.3,0,0,96208,51873,25600,59108,,,,,,,,,,,,N,,,,,,,,,,,,,,,Cash,N,,,,,,
,,12000,12000,12000, 60 months,6.97%,237.45,A,A3,Teacher,8 years,MORTGAGE,54000,Not Verified,Mar-16,Current,n,,,debt_consolidation,Debt consolidation,210xx,MD,13,0,Apr-03,0,36,,4,0,6825,68.90%,19,w,5917.53,5917.53,7826.56,7826.56,6082.47,1744.09,0,0,0,Jan-19,237.45,Feb-19,Jan-19,0,,1,Individual,,,,0,0,199482,0,1,0,1,21,11704,78,0,0,6107,74,9900,0,1,1,1,49871,1893,76.3,0,0,155,152,40,21,1,152,,9,36,0,1,2,1,4,7,2,11,2,4,0,0,0,0,94.7,100,0,0,230114,18529,8000,15000,,,,,,,,,,,,N,,,,,,,,,,,,,,,Cash,N,,,,,,
,,9600,9600,9600, 36 months,16.29%,338.89,D,D1,Assistant Chief,10+ years,MORTGAGE,85000,Source Verified,Mar-16,Fully Paid,n,,,debt_consolidation,Debt consolidation,216xx,MD,28.56,0,Sep-91,0,,,10,0,24892,55.40%,22,w,0,0,10561.87,10561.87,9600,961.87,0,0,0,Nov-16,8246.12,,Jan-19,0,,1,Individual,,,,0,0,321131,0,2,0,2,15,33858,83,1,1,9481,67,44900,0,0,0,3,32113,6708,78.8,0,0,130,294,9,9,3,9,,,,0,4,4,5,7,8,7,11,4,10,0,0,0,1,95.5,80,0,0,382952,58750,31600,72052,,,,,,,,,,,,N,,,,,,,,,,,,,,,Cash,N,,,,,,
,,15000,15000,15000, 36 months,5.32%,451.73,A,A1,,n/a,RENT,38000,Not Verified,Mar-16,Charged Off,n,,,credit_card,,841xx,UT,11.18,0,Sep-01,1,,,5,0,18588,44.80%,10,w,0,0,9966.21,9966.21,8037.89,987.84,0,940.48,169.2864,Dec-17,451.73,,May-18,0,,1,Individual,,,,0,0,18588,0,0,0,0,92,0,,0,1,5469,45,41500,1,2,1,1,3718,19629,37.7,0,0,117,174,13,13,0,53,,0,,0,3,4,4,5,2,5,8,4,5,0,0,0,0,100,0,0,0,41500,18588,31500,0,,,,,,,,,,,,N,,,,,,,,,,,,,,,Cash,N,,,,,,
,,23350,23350,23350, 36 months,18.99%,855.81,D,D4,Executive Assistant to the President/CEO,9 years,MORTGAGE,58000,Verified,Mar-16,Charged Off,n,,,credit_card,Credit card refinancing,727xx,AR,28.86,0,Nov-99,0,72,,16,0,31703,93.80%,28,w,0,0,12116.82,12116.82,7550.74,4566.08,0,0,0,Jun-17,855.81,,Apr-18,0,,1,Individual,,,,0,0,140516,0,4,0,2,18,58818,94,0,2,11855,94,33800,0,0,0,6,9368,446,98.2,0,0,196,105,17,17,1,26,72,17,72,0,4,8,4,10,10,10,16,8,16,0,0,0,0,96.4,100,0,0,147757,91447,24500,62311,,,,,,,,,,,,N,,,,,,,,,,,,,,,Cash,N,,,,,,
,,5400,5400,5400, 36 months,5.32%,162.62,A,A1,Management ,10+ years,MORTGAGE,35000,Source Verified,Mar-16,Current,n,,,other,Other,465xx,IN,6.69,0,Oct-99,0,,,11,0,5946,10.80%,22,w,483.56,483.56,5363.27,5363.27,4916.44,446.83,0,0,0,Jan-19,162.62,Feb-19,Jan-19,0,,1,Individual,,,,0,0,70985,0,0,1,2,9,0,,1,3,5105,11,55200,0,0,1,6,7099,37277,12.1,0,0,24,197,8,7,2,20,,7,,0,2,4,4,10,2,10,18,4,11,0,0,0,3,100,0,0,0,123200,5946,42400,0,,,,,,,,,,,,N,,,,,,,,,,,,,,,Cash,N,,,,,,
,,6500,6500,6500, 36 months,6.97%,200.62,A,A3,Clinical Nurse ,< 1 year,RENT,95000,Source Verified,Mar-16,Fully Paid,n,,,other,Other,945xx,CA,11.45,0,Feb-98,0,,63,10,1,2833,24%,17,w,0,0,6677.69,6677.69,6500,177.69,0,0,0,Sep-16,4880.24,,Jan-18,0,,1,Individual,,,,0,0,58923,1,5,0,1,13,56090,92,1,2,2833,81,11800,0,4,0,4,6547,5867,32.6,0,0,152,217,1,1,0,22,,18,,0,1,1,3,5,8,5,8,1,10,0,0,0,1,100,0,1,0,72983,58923,8700,61183,,,,,,,,,,,,N,,,,,,,,,,,,,,,Cash,N,,,,,,
,,9600,9600,9600, 36 months,5.32%,289.11,A,A1,CRM Administrator,10+ years,MORTGAGE,48600,Source Verified,Mar-16,Fully Paid,n,,,debt_consolidation,Debt consolidation,551xx,MN,11.83,0,Jan-94,0,70,,8,0,5921,21.10%,13,w,0,0,10282.72168,10282.72,9600,682.72,0,0,0,Jun-18,610.64,,Jan-19,0,,1,Individual,,,,0,0,76133,0,2,0,0,51,9180,32,1,3,5921,27,28000,0,0,0,3,9517,19079,23.7,0,0,121,266,12,12,3,12,70,20,70,0,1,1,3,4,3,5,7,1,8,0,0,0,1,92.3,0,0,0,131440,15101,25000,28439,,,,,,,,,,,,N,,,,,,,,,,,,,,,Cash,N,,,,,,
,,3000,3000,3000, 36 months,9.75%,96.45,B,B3,sales,< 1 year,RENT,24000,Source Verified,Mar-16,Fully Paid,n,,,vacation,Vacation,871xx,NM,27.35,0,Jul-12,0,,,13,0,3651,16.40%,13,w,0,0,3429.402232,3429.4,3000,429.4,0,0,0,Aug-18,95.88,,Jan-19,0,,1,Individual,,,,0,0,12422,1,2,1,2,11,8771,71,6,6,2058,36,22200,1,0,2,8,956,15535,18.2,0,0,14,44,2,2,0,2,,11,,0,5,6,10,10,2,11,11,6,13,0,0,0,7,100,0,0,0,34611,12422,19000,12411,,,,,,,,,,,,N,,,,,,,,,,,,,,,Cash,N,,,,,,
,,27600,27600,27600, 60 months,10.75%,596.66,B,B4,Sales Manager,10+ years,MORTGAGE,110000,Source Verified,Mar-16,Current,n,,,credit_card,Credit card refinancing,786xx,TX,14.27,0,Dec-85,3,,,21,0,19070,24.70%,45,w,14252.93,14252.93,19656.81,19656.81,13347.07,6309.74,0,0,0,Jan-19,596.66,Feb-19,Jan-19,0,,1,Individual,,,,0,0,356495,1,1,1,2,12,37425,,2,4,2780,25,77200,1,12,4,7,16976,37553,25.5,0,0,144,249,9,1,5,18,,0,,0,8,10,13,19,12,19,27,10,21,0,0,0,4,100,53.8,0,0,419413,56495,50400,42213,,,,,,,,,,,,N,,,,,,,,,,,,,,,Cash,N,,,,,,
,,5000,5000,5000, 36 months,7.39%,155.28,A,A4,Flight Attendant,2 years,RENT,43500,Verified,Mar-16,Charged Off,n,,,credit_card,Credit card refinancing,337xx,FL,11.72,0,Sep-82,1,57,74,5,2,2456,32.30%,24,w,0,0,3819.64,3819.64,3065.81,509.11,0,244.72,44.0496,Mar-18,155.28,,Jan-19,0,57,1,Individual,,,,0,530,6083,1,1,0,1,14,3627,55,1,2,1875,43,7600,0,0,2,3,1217,3988,34.6,0,0,172,402,4,4,3,39,,4,74,3,2,4,2,3,5,4,14,4,5,0,0,0,1,87,0,1,0,14209,6083,6100,6609,,,,,,,,,,,,N,,,,,,,,,,,,,,,Cash,Y,Jun-18,ACTIVE,Jun-18,994,50.02,12
,,15375,15375,15375, 36 months,9.75%,494.31,B,B3,driver,2 years,MORTGAGE,42259,Source Verified,Mar-16,Fully Paid,n,,,credit_card,Credit card refinancing,320xx,FL,17.5,0,Jun-93,0,,,10,0,21707,53.10%,23,w,0,0,17581.07028,17581.07,15375,2206.07,0,0,0,Jun-18,5239.98,,Jan-19,0,,1,Individual,,,,0,0,137596,0,0,0,0,,0,,0,0,11742,53,40900,1,0,0,0,15288,18103,49.1,0,0,,273,55,39,3,55,,20,,0,3,5,5,10,0,9,20,5,10,0,0,0,0,100,20,0,0,167600,21707,35600,0,,,,,,,,,,,,N,,,,,,,,,,,,,,,Cash,N,,,,,,
,,18000,18000,18000, 36 months,14.46%,619.23,C,C4,Bookkeeper,10+ years,MORTGAGE,72000,Verified,Mar-16,Fully Paid,n,,,debt_consolidation,Debt consolidation,871xx,NM,38.27,0,Nov-95,0,59,,16,0,28973,69.30%,36,w,0,0,21398.93749,21398.94,18000,3398.94,0,0,0,Dec-17,9083.7,,Jan-19,0,61,1,Individual,,,,0,0,203333,1,3,1,4,1,40289,84,2,4,14195,77,41800,0,6,2,8,13556,1778,91.5,0,0,151,244,8,1,3,51,,1,,0,4,8,4,7,10,12,23,8,16,0,0,0,3,94.4,50,0,0,240920,69262,21000,47869,,,,,,,,,,,,N,,,,,,,,,,,,,,,Cash,N,,,,,,
,,34000,34000,34000, 36 months,9.75%,1093.1,B,B3,President,10+ years,MORTGAGE,237000,Verified,Mar-16,Charged Off,n,,,debt_consolidation,Debt consolidation,760xx,TX,22.53,0,Dec-87,0,,15,13,1,142785,94%,26,w,0,0,12122.08,12122.08,6723.68,1984.29,0,3414.11,614.5398,Dec-16,1093.1,,Jun-17,0,,1,Individual,,,,0,0,347885,1,1,1,1,4,17173,97,1,2,35948,94,152050,0,0,1,3,26760,13739,97,0,0,166,339,9,4,4,9,,9,,0,9,11,14,14,4,11,20,10,13,,0,0,2,100,100,0,1,394682,159958,123650,17632,,,,,,,,,,,,N,,,,,,,,,,,,,,,Cash,N,,,,,,
,,15000,15000,15000, 60 months,19.53%,393.5,D,D5,superintendent,1 year,RENT,63890,Not Verified,Mar-16,Charged Off,n,,,debt_consolidation,Debt consolidation,333xx,FL,20.36,0,Jun-12,1,,,7,0,4307,40.60%,8,w,0,0,10292.47,10292.47,2898.51,3758.44,0,3635.52,654.3936,Sep-17,393.5,,Jan-19,0,,1,Individual,,,,0,0,40244,1,3,2,3,7,35937,79,1,2,1619,72,10600,13,2,8,5,5749,6293,40.6,0,0,37,45,6,6,0,6,,2,,0,4,4,4,4,4,4,4,4,7,0,0,0,3,100,25,0,0,56282,40244,10600,45682,,,,,,,,,,,,N,,,,,,,,,,,,,,,Cash,Y,Jan-18,ACTIVE,Jan-18,6544,50.01,18
,,30000,30000,30000, 36 months,11.47%,988.86,B,B5,support Operations Officer,10+ years,RENT,130000,Source Verified,Mar-16,Charged Off,n,,,credit_card,Credit card refinancing,799xx,TX,16.56,0,Nov-94,0,36,,16,0,25298,45.30%,23,w,0,0,28681.36,28681.36,23465.97,5215.39,0,0,0,Sep-18,988.86,,Jan-19,0,,1,Individual,,,,0,0,79292,1,3,0,3,13,53262,83,2,6,3863,65,55900,0,2,1,10,4956,23963,44.5,0,0,131,256,4,4,0,4,50,8,36,0,8,10,8,10,6,12,16,10,16,0,0,0,2,95.5,12.5,0,0,121445,79292,43200,64367,,,,,,,,,,,,N,,,,,,,,,,,,,,,Cash,N,,,,,,
,,15000,15000,15000, 36 months,5.32%,451.73,A,A1,Associate Creative Director,4 years,MORTGAGE,90000,Not Verified,Mar-16,Fully Paid,n,,,home_improvement,Home improvement,331xx,FL,7.75,5,Sep-97,0,5,,12,0,2769,7.50%,23,w,0,0,16156.80219,16156.8,15000,1156.8,0,0,0,Jul-18,11.92,,Jan-19,0,9,1,Individual,,,,0,0,180531,0,1,0,0,41,3236,17,0,3,1376,11,78000,0,0,0,3,16412,34231,7.5,0,0,41,222,13,13,4,13,5,16,5,2,5,5,8,14,1,10,18,5,12,0,0,1,0,69.6,0,0,0,298466,6005,37000,19350,,,,,,,,,,,,N,,,,,,,,,,,,,,,Cash,N,,,,,,
,,24000,24000,24000, 60 months,15.31%,574.88,C,C5,Sr. claims specialist ,10+ years,MORTGAGE,54500,Not Verified,Mar-16,Current,n,,,debt_consolidation,Debt consolidation,721xx,AR,32.17,0,Oct-92,1,51,71,17,1,21636,50.90%,38,w,13060.38,13060.38,18930.21,18930.21,10939.62,7990.59,0,0,0,Jan-19,574.88,Feb-19,Jan-19,0,,1,Individual,,,,0,0,182862,0,1,0,1,19,43301,,0,6,6276,51,42500,1,0,2,7,11429,2367,82.5,0,0,126,281,15,15,4,22,51,0,51,1,3,13,4,13,5,15,29,13,17,0,0,0,0,80.6,66.7,0,0,218471,64937,13500,51343,,,,,,,,,,,,N,,,,,,,,,,,,,,,Cash,N,,,,,,
,,18000,18000,18000, 36 months,8.39%,567.3,B,B1,Bookkeeper,10+ years,OWN,38200,Not Verified,Mar-16,Fully Paid,n,,,credit_card,Credit card refinancing,191xx,PA,24.07,3,Jun-87,0,2,,19,0,17123,21.70%,41,w,0,0,19811.70245,19811.7,18000,1811.7,0,0,0,Oct-17,10184.38,,Jan-19,0,,1,Individual,,,,0,0,17123,0,0,0,0,64,0,,3,5,4196,22,78900,0,0,1,5,1070,43339,19.6,0,0,64,345,8,8,0,89,,9,2,0,7,12,7,16,1,19,40,12,19,0,0,0,3,90.2,0,0,0,78900,17123,53900,0,,,,,,,,,,,,N,,,,,,,,,,,,,,,Cash,N,,,,,,
,,9000,9000,9000, 36 months,9.16%,286.87,B,B2,Specialty scheduler,9 years,RENT,60000,Source Verified,Mar-16,Current,n,,,debt_consolidation,Debt consolidation,914xx,CA,21.12,0,Jul-03,0,26,53,10,1,7397,53.20%,22,w,567.17,567.17,9730.68,9730.68,8432.83,1297.85,0,0,0,Jan-19,286.87,Feb-19,Jan-19,0,,1,Individual,,,,0,0,49144,1,2,1,2,4,41747,75,0,1,3036,60,13900,0,2,1,3,4914,3612,61.2,0,0,128,152,24,4,0,24,,4,26,0,2,5,2,2,5,8,17,5,10,0,0,0,1,94.7,50,1,0,57373,49144,9300,43473,,,,,,,,,,,,N,,,,,,,,,,,,,,,Cash,N,,,,,,
,,35000,35000,35000, 60 months,11.99%,778.38,C,C1,Service Person,10+ years,MORTGAGE,89000,Source Verified,Mar-16,Current,n,,,debt_consolidation,Debt consolidation,661xx,KS,19.66,2,Oct-93,0,0,,8,0,44720,73.70%,17,w,17560.23,17560.23,26331.81,26331.81,17439.77,8892.04,0,0,0,Jan-19,800,Feb-19,Jan-19,0,,1,Joint App,110500,19.94,Not Verified,2,0,115900,0,1,0,1,21,6959,81,0,0,16006,75,60700,0,0,0,1,14488,7275,82,0,1120,135,269,28,21,2,28,0,,0,0,4,6,2,8,4,6,11,6,6,0,2,0,0,88.2,75,0,0,141279,51679,40500,8579,,,,,,,,,,,,N,,,,,,,,,,,,,,,Cash,N,,,,,,
,,18000,18000,18000, 36 months,8.39%,567.3,B,B1,Associate Creative Director,3 years,RENT,86000,Source Verified,Mar-16,Current,n,,,credit_card,Credit card refinancing,752xx,TX,11.67,0,Apr-03,0,,,6,0,12649,84.90%,13,w,1678.33,1678.33,18767.04,18767.04,16321.67,2445.37,0,0,0,Jan-19,567.3,Feb-19,Jan-19,0,,1,Individual,,,,0,0,47044,1,1,1,1,1,34395,100,1,2,3964,95,14900,0,0,2,3,7841,1485,89,0,0,155,142,8,1,0,21,,1,,0,4,5,4,8,4,5,9,5,6,0,0,0,2,100,100,0,0,49295,47044,13500,34395,,,,,,,,,,,,N,,,,,,,,,,,,,,,Cash,N,,,,,,
,,5000,5000,5000, 36 months,13.67%,170.09,C,C3,Strategic Acct Mgr (Sales),10+ years,RENT,78000,Not Verified,Mar-16,Fully Paid,n,,,debt_consolidation,Debt consolidation,454xx,OH,19.17,0,Jun-93,2,40,44,15,3,10261,71.80%,48,f,0,0,5403.23,5403.23,5000,403.23,0,0,0,Nov-16,4390.28,,Jan-19,0,47,1,Individual,,,,0,0,76368,4,5,2,3,9,66107,112,5,6,1567,94,14300,0,0,5,9,5874,593,86.2,0,0,162,273,3,3,0,3,40,4,40,3,4,8,4,11,27,10,21,8,15,0,0,0,7,81.2,100,0,0,68616,76368,4300,54316,,,,,,,,,,,,N,,,,,,,,,,,,,,,Cash,N,,,,,,
,,25000,25000,25000, 36 months,5.32%,752.87,A,A1,veterinary technician,10+ years,OWN,65000,Not Verified,Mar-16,Current,n,,,debt_consolidation,Debt consolidation,275xx,NC,11.67,0,Feb-00,1,,,10,0,8363,26.40%,33,w,2238.71,2238.71,24829.93,24829.93,22761.29,2068.64,0,0,0,Jan-19,752.87,Feb-19,Jan-19,0,,1,Individual,,,,0,0,23420,1,1,0,1,15,15057,75,2,4,2586,45,31700,1,3,2,5,2342,16714,28.6,0,0,68,193,4,4,0,11,,4,,0,4,5,6,22,3,9,30,5,10,0,0,0,2,100,0,0,0,51700,23420,23400,20000,,,,,,,,,,,,N,,,,,,,,,,,,,,,Cash,N,,,,,,
,,5675,5675,5675, 36 months,14.46%,195.23,C,C4,Parts and Sales Manager,3 years,MORTGAGE,67000,Source Verified,Mar-16,Charged Off,n,,,debt_consolidation,Debt consolidation,841xx,UT,38.53,0,Oct-89,0,,,16,0,46958,62.70%,32,f,0,0,2572.27,2572.27,1058.62,494.1,0,1019.55,183.519,Dec-16,195.23,,Apr-17,0,,1,Individual,,,,0,0,305796,2,2,0,2,15,23209,77,2,2,9947,67,74900,0,4,1,5,19112,11132,77,0,0,93,317,2,2,3,2,,7,,0,4,7,7,12,3,13,26,8,16,0,0,0,2,100,57.1,0,0,357459,70167,48500,29999,,,,,,,,,,,,N,,,,,,,,,,,,,,,Cash,N,,,,,,
,,9550,9550,9550, 36 months,14.46%,328.54,C,C4,,n/a,OWN,50000,Source Verified,Mar-16,Charged Off,n,,,home_improvement,Home improvement,334xx,FL,7.63,0,Jan-85,0,,,4,0,10728,21.90%,16,f,0,0,5554.49,5554.49,4000.67,1553.82,0,0,0,Aug-17,328.54,,Mar-18,0,,1,Individual,,,,0,181,10728,1,0,0,0,,0,,1,3,7210,22,49000,0,0,0,3,2682,38272,21.9,0,0,,374,3,3,3,3,,,,0,2,2,4,7,0,4,13,2,4,0,0,0,1,100,0,0,0,49000,10728,49000,0,,,,,,,,,,,,N,,,,,,,,,,,,,,,Cash,N,,,,,,
,,3500,3500,3500, 36 months,15.31%,121.87,C,C5,Ophthalmic Technician ,< 1 year,RENT,23000,Source Verified,Mar-16,Current,n,,,debt_consolidation,Debt consolidation,781xx,TX,32.99,0,Sep-08,0,,,4,0,3066,28.40%,11,w,356.07,356.07,4015.76,4015.76,3143.93,871.83,0,0,0,Jan-19,121.87,Feb-19,Jan-19,0,,1,Individual,,,,0,0,35578,0,1,1,3,8,32512,,1,1,2806,27,10800,5,1,9,5,8895,7734,28.4,0,0,90,36,9,8,0,9,,8,,0,2,2,2,3,7,2,3,2,4,0,0,0,3,100,0,0,0,46433,35578,10800,35033,,,,,,,,,,,,N,,,,,,,,,,,,,,,Cash,N,,,,,,
,,35000,35000,35000, 36 months,17.27%,1252.56,D,D2,Owner,10+ years,RENT,107000,Verified,Mar-16,Current,n,,,debt_consolidation,Debt consolidation,900xx,CA,21.88,0,Mar-96,0,,47,9,2,65692,92.70%,20,w,3651.78,3651.78,41334.12,41334.12,31348.22,9985.9,0,0,0,Jan-19,1252.56,Feb-19,Jan-19,0,,1,Individual,,,,0,0,86057,0,2,2,2,9,20365,88,0,0,24914,92,70900,0,12,0,2,10757,2844,94.1,0,0,157,240,27,9,0,41,,18,,0,2,3,4,6,9,7,11,3,9,0,0,0,2,100,50,0,2,93936,86057,48400,23036,,,,,,,,,,,,N,,,,,,,,,,,,,,,Cash,N,,,,,,
,,6400,6400,6400, 36 months,16.29%,225.93,D,D1,Server,< 1 year,RENT,20000,Source Verified,Mar-16,Fully Paid,n,,,debt_consolidation,Debt consolidation,326xx,FL,11.28,0,Jan-13,0,,,6,0,5022,40.20%,8,w,0,0,7686.103085,7686.1,6400,1286.1,0,0,0,Jan-18,879.08,,Jan-18,0,,1,Individual,,,,0,0,5022,0,0,0,0,,0,,2,4,2279,40,12500,0,0,1,4,837,7478,40.2,0,0,,38,9,9,0,9,,9,,0,5,5,6,8,0,6,8,5,6,0,0,0,2,100,33.3,0,0,12500,5022,12500,0,,,,,,,,,,,,N,,,,,,,,,,,,,,,Cash,N,,,,,,
,,32000,32000,32000, 36 months,7.89%,1001.15,A,A5,President,6 years,MORTGAGE,72000,Verified,Mar-16,Current,n,,,major_purchase,Major purchase,922xx,CA,24.03,0,Oct-03,1,81,95,12,1,15445,15.70%,22,w,2964.01,2964.01,33009.9,33009.9,29035.99,3973.91,0,0,0,Jan-19,1001.15,Feb-19,Jan-19,0,,1,Individual,,,,0,0,35490,1,2,0,2,18,20045,51,1,3,7791,26,98300,1,2,2,5,3226,82855,15.7,0,0,132,149,6,6,3,6,,0,,0,3,3,10,13,5,10,14,3,12,0,0,0,1,95.5,0,1,0,137358,35490,98300,39058,,,,,,,,,,,,N,,,,,,,,,,,,,,,Cash,N,,,,,,
,,13000,13000,13000, 36 months,16.29%,458.91,D,D1,Coordinator,2 years,RENT,40000,Source Verified,Mar-16,Current,n,,,debt_consolidation,Debt consolidation,229xx,VA,25.29,0,Nov-07,0,66,,4,0,2758,91.90%,10,w,1339.95,1339.95,15131.75,15131.75,11660.05,3471.7,0,0,0,Jan-19,458.91,Feb-19,Jan-19,0,67,1,Individual,,,,0,0,19212,0,3,1,2,9,16454,55,0,0,2758,59,3000,0,0,1,2,4803,242,91.9,0,0,100,89,37,9,0,37,66,2,66,0,1,1,1,2,7,1,2,1,4,0,0,0,1,90,100,0,0,32840,19212,3000,29840,,,,,,,,,,,,N,,,,,,,,,,,,,,,Cash,N,,,,,,
,,5000,5000,5000, 36 months,14.46%,172.01,C,C4,Customer Support Manager,10+ years,RENT,100000,Verified,Mar-16,Fully Paid,n,,,medical,Medical expenses,064xx,CT,12.13,1,Jun-04,0,1,,15,0,7016,39.90%,21,f,0,0,5862.535401,5862.54,5000,862.54,0,0,0,Feb-18,1302.34,,Feb-18,0,1,1,Individual,,,,1,0,37013,1,1,0,1,15,25470,83,3,7,469,70,17600,2,0,1,11,3365,1122,40.9,1,0,111,122,4,4,0,4,,10,,1,3,6,4,5,3,8,11,6,15,0,0,1,3,95.2,0,0,0,52701,37013,1900,30574,,,,,,,,,,,,N,,,,,,,,,,,,,,,Cash,N,,,,,,
,,30000,30000,30000, 60 months,11.47%,659.33,B,B5,Registered Nurse,1 year,MORTGAGE,72000,Source Verified,Mar-16,Current,n,,,debt_consolidation,Debt consolidation,446xx,OH,22.63,0,Nov-89,2,55,,13,0,23034,46.90%,42,w,15624.72,15624.72,21719.66,21719.66,14375.28,7344.38,0,0,0,Jan-19,659.33,Feb-19,Jan-19,0,,1,Individual,,,,0,0,50279,1,3,0,1,24,27245,73,2,4,9727,58,49100,3,0,4,6,3868,3311,86.5,0,0,160,316,4,4,3,9,,0,,0,3,6,5,13,12,10,27,6,13,0,0,0,2,97.6,60,0,0,86640,50279,24600,37540,,,,,,,,,,,,N,,,,,,,,,,,,,,,Cash,N,,,,,,
,,12000,12000,12000, 36 months,8.39%,378.2,B,B1,Head Golf Professional ,6 years,MORTGAGE,40000,Not Verified,Mar-16,Fully Paid,n,,,debt_consolidation,Debt consolidation,160xx,PA,27.66,0,Jun-03,0,,,12,0,7765,39.80%,17,w,0,0,13525.99479,13525.99,12000,1525.99,0,0,0,Aug-18,3325.78,,Aug-18,0,,1,Individual,,,,0,0,126772,1,6,0,2,14,27682,78,1,2,2854,65,19500,0,0,0,4,11525,5681,45.9,0,0,153,84,3,3,1,3,,13,,0,3,4,3,4,8,5,8,4,12,0,0,0,1,100,0,0,0,157164,35447,10500,35414,,,,,,,,,,,,N,,,,,,,,,,,,,,,Cash,N,,,,,,
,,16000,16000,16000, 60 months,14.46%,376.12,C,C4,Fire fighter,10+ years,MORTGAGE,69000,Source Verified,Mar-16,Fully Paid,n,,,home_improvement,Home improvement,799xx,TX,23.79,0,May-05,0,80,,5,0,6909,94.60%,11,w,0,0,17032.78,17032.78,16000,1013.97,18.81,0,0,Sep-16,15554.01,,Dec-17,0,,1,Individual,,,,0,0,205141,0,2,0,1,24,63369,79,0,1,2187,82,7300,0,6,1,2,41028,113,95.1,0,0,130,39,19,19,1,39,,12,,0,1,2,1,1,7,2,3,2,5,0,0,0,0,90.9,100,0,0,231425,70278,2300,81777,,,,,,,,,,,,N,,,,,,,,,,,,,,,Cash,N,,,,,,
,,10000,10000,10000, 36 months,9.16%,318.75,B,B2,Wealth Manager,< 1 year,RENT,85000,Verified,Mar-16,Charged Off,n,,,moving,Moving and relocation,920xx,CA,12.35,0,Apr-95,0,65,3,9,4,4507,31.50%,17,w,0,0,4003.3,4003.3,2466.97,717.35,63.76,755.22,135.9396,Mar-17,318.75,,Aug-18,0,65,1,Individual,,,,0,0,25791,1,1,0,0,28,21284,,1,6,3171,32,14300,1,1,1,6,3224,4360,47.5,0,0,115,251,4,4,0,4,,0,,1,2,4,4,7,4,8,13,4,9,0,0,0,1,94.1,50,0,4,50381,25791,8300,36081,,,,,,,,,,,,N,,,,,,,,,,,,,,,Cash,N,,,,,,
,,8400,8400,8400, 36 months,7.39%,260.87,A,A4,Editor,< 1 year,RENT,67000,Not Verified,Mar-16,Fully Paid,n,,,debt_consolidation,Debt consolidation,660xx,KS,32.13,1,Jul-90,1,8,,13,0,11382,34.90%,28,w,0,0,9342.742164,9342.74,8400,942.74,0,0,0,Sep-18,2045.28,,Jan-19,0,8,1,Individual,,,,0,1106,45392,0,3,2,2,9,34010,77,0,2,10545,47,32600,0,4,1,4,4127,8855,54.4,0,0,103,308,21,9,2,22,48,3,48,1,1,2,4,6,7,10,19,2,13,0,0,1,2,85.7,33.3,0,0,82101,45392,19400,49501,,,,,,,,,,,,N,,,,,,,,,,,,,,,Cash,N,,,,,,
,,18000,18000,18000, 60 months,11.47%,395.6,B,B5,Dental Hygienist,1 year,MORTGAGE,55000,Verified,Mar-16,Current,n,,,debt_consolidation,Debt consolidation,280xx,NC,15.97,0,Oct-91,0,,,9,0,14865,35.60%,20,w,9045.12,9045.12,13384.37,13384.37,8954.88,4429.49,0,0,0,Jan-19,395.6,Feb-19,Jan-19,0,,1,Individual,,,,0,0,141382,1,1,1,1,8,28398,90,1,2,8212,59,41800,0,0,0,3,15709,25435,36.9,0,0,42,293,1,1,3,1,,,,0,3,3,5,12,2,7,15,3,9,0,0,0,2,100,20,0,0,178982,43263,40300,31582,,,,,,,,,,,,N,,,,,,,,,,,,,,,Cash,N,,,,,,
,,8500,8500,8500, 36 months,14.46%,292.42,C,C4,Tractor trailer op,10+ years,MORTGAGE,75000,Not Verified,Mar-16,Fully Paid,n,,,debt_consolidation,Debt consolidation,441xx,OH,29.78,0,Oct-98,4,,,17,0,30995,46.50%,25,w,0,0,8558.04,8558.04,8500,58.04,0,0,0,Apr-16,8571.7,,Dec-18,0,,1,Individual,,,,0,0,133422,1,4,1,4,3,33686,83,0,2,6057,60,66600,7,4,5,6,7848,16360,57.7,0,0,103,209,20,3,1,20,,1,,0,7,11,8,13,7,12,17,11,17,0,0,0,1,100,50,0,0,197379,64681,38700,40779,,,,,,,,,,,,N,,,,,,,,,,,,,,,Cash,N,,,,,,